{"acc": 0.7446845547058428, "loss": 0.2368346022350134, "_timestamp": 1709670211.1922758, "_runtime": 2.127642869949341, "_step": 7, "_wandb": {"runtime": 1}}